Jane|Doe|janedoe@gmail.com|janedoe|123456|535.669.673.933|Uruguay|1
Angelica|Conley|angelica@gmail.com|angeli|YLZ86BLV0RH|1-514-398-7101|Argentina|0
Mira|Frank|mira.f@gmail.com|miraF|nieabc|977.608.298.107|Peru|0
Christine|Stewart|chris@gmail.com|Chris|crisk@123|486.723.045|Colombia|0
Savannah|Yers|sa@gmail.com|Savann|65d6sa|969.239.042.025|Haiti|0
Kylie|Williamson|kyli|kylie@gmail.com|kyliee|8888hhh|525555648|Mexico|0
Darlleen|Marsden|Darlleen.Marsden@gmail.com|Ellette|Petronia|280.327.854.004|Italia|0
Lindie|Hebner|Lindie.Hebner@gmail.com|Feliza|Collen|456.127.969.188|Cambodia|0
Reeba|Boycey|Reeba.Boycey@gmail.com|Janis|Elbertina|112.917.515.367|Wallis and Futuna|0
Tori|Frendel|Tori.Frendel@gmail.com|Ronna|Gerianna|679.743.853.772|Panama|0
Angela|Henrie|Angela.Henrie@gmail.com|Marylou|Gisela|973.036.265.175|Botswana|0
Elora|Keily|Elora.Keily@gmail.com|Amii|Glynnis|227.032.418.539|Virgin Islands|0
Nonnah|Maisey|Nonnah.Maisey@gmail.com|Shannah|Sara-Ann|33.384.281.779|Svalbard and Jan Mayen|0
Goldie|Oriana|Goldie.Oriana@gmail.com|Kore|Celestyna|113.606.005.066|Zambia|0
Hannis|Hepsibah|Hannis.Hepsibah@gmail.com|Devina|Emylee|210.967.392.621|Malawi|0
Merci|Ehrman|Merci.Ehrman@gmail.com|Jackie|Ekaterina|346.828.697.859|Israel|0
Orelia|Fitzsimmons|Orelia.Fitzsimmons@gmail.com|Elmira|Lilith|129.889.669.512|Viet Nam|0
Elsie|Connelly|Elsie.Connelly@gmail.com|Mamie|Suzette|527.173.923.316|Myanmar|0
Ginnie|Middleton|Ginnie.Middleton@gmail.com|Brietta|Charmaine|994.772.617.299|Central African Republic|0
Collen|Redmond|Collen.Redmond@gmail.com|Catharine|Kore|744.951.322.509|Guam|0
Elfreda|Xerxes|Elfreda.Xerxes@gmail.com|Pierette|Valli|574.699.554.299|Antigua and Barbuda|0
Corene|Toffic|Corene.Toffic@gmail.com|Vita|Nyssa|523.995.915.861|Congo|0
Ilse|Schonfeld|Ilse.Schonfeld@gmail.com|Henriette|Gloria|150.090.424.973|Nauru|0
Gerianna|Esmaria|Gerianna.Esmaria@gmail.com|Feliza|Max|761.958.097.628|Angola|0
Carilyn|Letsou|Carilyn.Letsou@gmail.com|Lilith|Courtnay|682.891.567.463|Panama|0
Dorothy|Pond|Dorothy.Pond@gmail.com|Elfreda|Camile|658.721.742.278|Bulgaria|0
Lulita|Ajay|Lulita.Ajay@gmail.com|Dyann|Cyb|730.263.877.052|Kazakhstan|0
Marguerite|Camden|Marguerite.Camden@gmail.com|Charissa|Constance|903.130.120.093|Libyan Arab Jamahiriya|0
Tressa|Virgin|Tressa.Virgin@gmail.com|Lily|Valera|578.400.683.377|Italy|0
Nannie|Concha|Nannie.Concha@gmail.com|Jennica|Mara|655.102.297.507|Chile|0
